3,vitya_2000,pass,vitya_2000@tut.by,2023-03-25,0,
9,buratino,pass,bura@gmail.com,2023-03-25,0,
11,malvina,pass,malva@gmail.com,2023-03-25,0,
12,barabas,pass1,karabas@gmail.com,2023-03-25,0,
22,cool_login,cool_password,cool@mail.com,2023-03-26,0,
23,ALALALA,123456,zazaza@mail.ru,2023-03-26,0,
24,zaratustra,qwerty,brutto@yandex.ru,2023-03-26,0,
25,red_fox,complexpass,whatdoesthefoxsay@yahoo.com,2023-03-27,0,
26,blackFrog,PSSWRD,kvakva@yahoo.com,2023-03-27,0,
27,atitan,asdfas,pasha@mail.ru,2023-03-28,0,
28,gold_head,rhjrjlbk,gold_2000@gmail.com,2023-03-28,0,
33,brsm123,ghjnbddct[,brsm123@mail.ru,2023-03-28,0,
35,tms2023,"hfphf,",tms123@mail.ru,2023-03-28,0,
37,tms2033,"hfphjhhf,",tms12093@mail.ru,2023-03-29,0,
40,MrSecond,222222,rudolf@edem.ok,2023-03-30,0,
39,MrFirst,1111111,adam@edem.ok,2023-03-30,0,
38,SVOBODA,"free,",freedom@gmail.com,2023-03-29,0,
49,MrBeans,21021012,comedyss123@yahoo.com,2023-04-03,0,
1,brsm,12,brsm@mail.ru,2023-03-25,0,1
